{
    "step": 1,
    "train_box_loss": 0.10726280510425568,
    "train_obj_loss": 0.04695047438144684,
    "train_cls_loss": 0.10294706374406815,
    "metrics_precision": 0.0,
    "metrics_recall": 0.0,
    "metrics_mAP_0.5": 0.0,
    "metrics_mAP_0.5:0.95": 0.0,
    "val_box_loss": 0.10702178627252579,
    "val_obj_loss": 0.06138162314891815,
    "val_cls_loss": 0.10298037528991699,
    "x_lr0": 1.8000000000000004e-05,
    "x_lr1": 1.8000000000000004e-05,
    "x_lr2": 0.099718
}