{
    "step": 19,
    "train_box_loss": 0.14722894132137299,
    "train_obj_loss": 0.0027937034610658884,
    "train_cls_loss": 0.0997471734881401,
    "metrics_precision": 0.0,
    "metrics_recall": 0.0,
    "metrics_mAP_0.5": 0.0,
    "metrics_mAP_0.5_0.95": 0.0,
    "val_box_loss": 0.16324833035469055,
    "val_obj_loss": 0.000386912957765162,
    "val_cls_loss": 0.09879741072654724,
    "x_lr0": 0.00032583021538149225,
    "x_lr1": 0.00032583021538149225,
    "x_lr2": 0.0844258302153815
}