{
    "step": 19,
    "train_box_loss": 0.14752663671970367,
    "train_obj_loss": 0.0028264017309993505,
    "train_cls_loss": 0.09970699995756149,
    "metrics_precision": 0.0,
    "metrics_recall": 0.0,
    "metrics_mAP_0.5": 0.0,
    "metrics_mAP_0.5_0.95": 0.0,
    "val_box_loss": 0.16297298669815063,
    "val_obj_loss": 0.00038703077007085085,
    "val_cls_loss": 0.09886684268712997,
    "x_lr0": 0.00032583021538149225,
    "x_lr1": 0.00032583021538149225,
    "x_lr2": 0.0844258302153815
}