{
    "step": 19,
    "train_box_loss": 0.14741924405097961,
    "train_obj_loss": 0.0028060059994459152,
    "train_cls_loss": 0.09974309056997299,
    "metrics_precision": 0.0,
    "metrics_recall": 0.0,
    "metrics_mAP_0.5": 0.0,
    "metrics_mAP_0.5_0.95": 0.0,
    "val_box_loss": 0.16386273503303528,
    "val_obj_loss": 0.00038440365460701287,
    "val_cls_loss": 0.09872844815254211,
    "x_lr0": 0.00032583021538149225,
    "x_lr1": 0.00032583021538149225,
    "x_lr2": 0.0844258302153815
}