{
    "step": 9,
    "train_box_loss": 0.1533138006925583,
    "train_obj_loss": 0.005461333319544792,
    "train_cls_loss": 0.09987281262874603,
    "metrics_precision": 0.00153433843826999,
    "metrics_recall": 0.05937844640295566,
    "metrics_mAP_0.5": 0.001150079463870128,
    "metrics_mAP_0.5_0.95": 0.00022188394572860242,
    "val_box_loss": 0.15448711812496185,
    "val_obj_loss": 0.005066433921456337,
    "val_cls_loss": 0.12598034739494324,
    "x_lr0": 0.0001734661408507314,
    "x_lr1": 0.0001734661408507314,
    "x_lr2": 0.09227346614085073
}