{
    "step": 0,
    "train_box_loss": 0.16797466576099396,
    "train_obj_loss": 0.001143995439633727,
    "train_cls_loss": 0.10363801568746567,
    "metrics_precision": 0.0,
    "metrics_recall": 0.0,
    "metrics_mAP_0.5": 0.0,
    "metrics_mAP_0.5_0.95": 0.0,
    "val_box_loss": 0.18295592069625854,
    "val_obj_loss": 0.0001685075694695115,
    "val_cls_loss": 0.10283324122428894,
    "x_lr0": 7.000000000000001e-05,
    "x_lr1": 7.000000000000001e-05,
    "x_lr2": 0.09937
}