{
    "step": 0,
    "train_box_loss": 0.16780786216259003,
    "train_obj_loss": 0.001212489907629788,
    "train_cls_loss": 0.10340596735477448,
    "metrics_precision": 0.0,
    "metrics_recall": 0.0,
    "metrics_mAP_0.5": 0.0,
    "metrics_mAP_0.5_0.95": 0.0,
    "val_box_loss": 0.18296557664871216,
    "val_obj_loss": 0.00016868470993358642,
    "val_cls_loss": 0.10283069312572479,
    "x_lr0": 7.000000000000001e-05,
    "x_lr1": 7.000000000000001e-05,
    "x_lr2": 0.09937
}