{
    "step": 19,
    "train_box_loss": 0.14783470332622528,
    "train_obj_loss": 0.0027354471385478973,
    "train_cls_loss": 0.09975618124008179,
    "metrics_precision": 0.0,
    "metrics_recall": 0.0,
    "metrics_mAP_0.5": 0.0,
    "metrics_mAP_0.5_0.95": 0.0,
    "val_box_loss": 0.163603276014328,
    "val_obj_loss": 0.0003911708190571517,
    "val_cls_loss": 0.09869526326656342,
    "x_lr0": 0.00032583021538149225,
    "x_lr1": 0.00032583021538149225,
    "x_lr2": 0.0844258302153815
}