{
    "step": 19,
    "train_box_loss": 0.14744167029857635,
    "train_obj_loss": 0.0027843459974974394,
    "train_cls_loss": 0.09960012882947922,
    "metrics_precision": 0.0,
    "metrics_recall": 0.0,
    "metrics_mAP_0.5": 0.0,
    "metrics_mAP_0.5_0.95": 0.0,
    "val_box_loss": 0.16381977498531342,
    "val_obj_loss": 0.0003822615253739059,
    "val_cls_loss": 0.09888103604316711,
    "x_lr0": 0.00032583021538149225,
    "x_lr1": 0.00032583021538149225,
    "x_lr2": 0.0844258302153815
}