{
    "step": 9,
    "train_box_loss": 0.1529003530740738,
    "train_obj_loss": 0.005330242682248354,
    "train_cls_loss": 0.0995519757270813,
    "metrics_precision": 0.24080049696178488,
    "metrics_recall": 0.027153793922120417,
    "metrics_mAP_0.5": 0.0012518326532950756,
    "metrics_mAP_0.5_0.95": 0.00035008167890441063,
    "val_box_loss": 0.15858086943626404,
    "val_obj_loss": 0.005930630955845118,
    "val_cls_loss": 0.12420254945755005,
    "x_lr0": 0.0001734661408507314,
    "x_lr1": 0.0001734661408507314,
    "x_lr2": 0.09227346614085073
}